Workbook

Sheet Sheet1
A1: 02a | B1: numero valores | C1: 04a | D1: numerovalores2 | E1: indicador
A2: sexo | B2: 2 valores únicos | C2: sexo | D2: 2 valores únicos | E2: =B2=D2 -> TRUE
A3: estadocivil | B3: 6 valores únicos | C3: estadocivil | D3: 6 valores únicos | E3: =B3=D3 -> TRUE
A4: tuvotrabajo | B4: 2 valores únicos | C4: tuvotrabajo | D4: 2 valores únicos | E4: =B4=D4 -> TRUE
A5: categoria_trabajador | B5: 5 valores únicos | C5: categoria_trabajador | D5: 5 valores únicos | E5: =B5=D5 -> TRUE
A6: sector_trabajador | B6: 9 valores únicos | C6: sector_trabajador | D6: 9 valores únicos | E6: =B6=D6 -> TRUE
A7: trabajopara | B7: 6 valores únicos | C7: trabajopara | D7: 6 valores únicos | E7: =B7=D7 -> TRUE
A8: registropersonajuridica | B8: 3 valores únicos | C8: registropersonajuridica | D8: 3 valores únicos | E8: =B8=D8 -> TRUE
A9: cuentassunat | B9: 3 valores únicos | C9: cuentassunat | D9: 3 valores únicos | E9: =B9=D9 -> TRUE
A10: tipocontrato | B10: 8 valores únicos | C10: tipocontrato | D10: 9 valores únicos | E10: =B10=D10 -> FALSE
A11: numpersonastrabajo | B11: 6 valores únicos | C11: numpersonastrabajo | D11: 6 valores únicos | E11: =B11=D11 -> TRUE
A12: tuvootrotrabajo | B12: 2 valores únicos | C12: tuvootrotrabajo | D12: 2 valores únicos | E12: =B12=D12 -> TRUE
A13: normtrabaja | B13: 2 valores únicos | C13: normtrabaja | D13: 2 valores únicos | E13: =B13=D13 -> TRUE
... A84: pagonorecibe | B84: 2 valores únicos | C84: pagonorecibe | D84: 2 valores únicos | E84: =B84=D84 -> TRUE

Sheet Sheet2
A1: Variables
A2: sexo_2 | B2: 1
A3: estadocivil_2 | B3: 1
A4: estadocivil_3 | B4: 1
A5: estadocivil_4 | B5: 1
A6: estadocivil_5 | B6: 1
A7: estadocivil_6 | B7: 1
A8: tuvotrabajo_2 | B8: 1
A9: categoria_trabajador_2 | B9: 1
A10: categoria_trabajador_3 | B10: 1
A11: categoria_trabajador_4 | B11: 1
A12: categoria_trabajador_6 | B12: 1
A13: sector_trabajador_2 | B13: 1
... A243: ratiodep | B243: 1

Sheet Sheet3
A1: Variable necesario en interaccion | B1: askjdn
A2: sexo_2 | B2: =VLOOKUP(A2,Sheet2!A:B,2,FALSE) -> 1
A3: estadocivil_2 | B3: =VLOOKUP(A3,Sheet2!A:B,2,FALSE) -> 1
A4: estadocivil_5 | B4: =VLOOKUP(A4,Sheet2!A:B,2,FALSE) -> 1
A5: estadocivil_6 | B5: =VLOOKUP(A5,Sheet2!A:B,2,FALSE) -> 1
A6: tuvotrabajo_2 | B6: =VLOOKUP(A6,Sheet2!A:B,2,FALSE) -> 1
A7: sector_trabajador_2 | B7: =VLOOKUP(A7,Sheet2!A:B,2,FALSE) -> 1
A8: sector_trabajador_3 | B8: =VLOOKUP(A8,Sheet2!A:B,2,FALSE) -> 1
A9: sector_trabajador_4 | B9: =VLOOKUP(A9,Sheet2!A:B,2,FALSE) -> 1
A10: sector_trabajador_5 | B10: =VLOOKUP(A10,Sheet2!A:B,2,FALSE) -> 1
A11: sector_trabajador_6 | B11: =VLOOKUP(A11,Sheet2!A:B,2,FALSE) -> 1
A12: sector_trabajador_7 | B12: =VLOOKUP(A12,Sheet2!A:B,2,FALSE) -> 1
A13: sector_trabajador_8 | B13: =VLOOKUP(A13,Sheet2!A:B,2,FALSE) -> 1
... A160: pobreza_3 | B160: =VLOOKUP(A160,Sheet2!A:B,2,FALSE) -> 1
